id;email;password;full_name;phone;avatar;gender;address;introduction;created_at;updated_at;deleted_at;status
1;Wilhelmine29@hotmail.com;reinvent;eco-centric Bedfordshire mesh;986.950.0266;intuitive Open-architected system-worthy;32255;calculating Metal array;../fake-data/blob/hipster.txt;2019-12-12T19:02:24;2019-12-13T01:15:42;2019-12-13T01:11:29;80936
2;Ramiro_Gaylord91@yahoo.com;AvonXX;Auto Loan Account olive;(737) 088-3035;interfaces;67202;implementation;../fake-data/blob/hipster.txt;2019-12-13T04:35:12;2019-12-12T19:17:04;2019-12-12T08:44:37;28654
3;Lance25@hotmail.com;Licensed Plastic Pants;Plastic South Georgia and the South Sandwich Islands;229.640.8015 x4566;panel;97585;Buckinghamshire alliance redundant;../fake-data/blob/hipster.txt;2019-12-13T01:48:28;2019-12-12T21:54:12;2019-12-12T21:46:21;74404
4;Demario96@gmail.com;navigating;Som Rustic Frozen Keyboard ROI;507-169-2695;payment e-markets system;4771;Louisiana;../fake-data/blob/hipster.txt;2019-12-13T04:30:01;2019-12-12T14:07:10;2019-12-13T05:25:25;1439
5;Bettye9@yahoo.com;solution;Colombian Peso Unidad de Valor Real Bridge Handmade;(843) 144-6306 x968;explicit;1530;Optimization Cambridgeshire;../fake-data/blob/hipster.txt;2019-12-12T19:21:46;2019-12-12T16:29:57;2019-12-12T15:53:34;16293
6;Antone_Welch@yahoo.com;COMXXX;Data North Dakota;561.485.8963;Branding Dynamic black;6936;Fantastic;../fake-data/blob/hipster.txt;2019-12-13T07:52:13;2019-12-13T07:22:21;2019-12-13T06:02:28;61825
7;Ethyl.Bernier@hotmail.com;quantifying Garden;directional Avon Solomon Islands Dollar;1-698-074-8925;deliverables;56852;Wyoming interface Cotton;../fake-data/blob/hipster.txt;2019-12-13T02:18:26;2019-12-12T13:40:26;2019-12-12T18:22:29;34080
8;Tomas.MacGyver42@hotmail.com;input compress Fantastic;Liechtenstein Buckinghamshire monetize;(803) 009-9803;Usability;67676;Borders Borders Practical;../fake-data/blob/hipster.txt;2019-12-13T06:06:24;2019-12-13T01:16:14;2019-12-12T17:50:57;32866
9;Margaretta_Effertz79@yahoo.com;back-end Unbranded Cambridgesh;Designer;(478) 537-1916;generating SDD bypassing;42609;Centralized revolutionize International;../fake-data/blob/hipster.txt;2019-12-13T04:47:21;2019-12-13T06:21:19;2019-12-12T19:59:17;8483
10;Wyatt_McClure@gmail.com;SAS User-centric;Planner navigate repurpose;(473) 574-2931;Bedfordshire Tools;46866;Handmade Wooden Cheese Fresh;../fake-data/blob/hipster.txt;2019-12-12T16:43:36;2019-12-12T14:26:48;2019-12-12T14:24:10;68103
