id;name;description;images;created_at;updated_at;deleted_at;status
1;deliverables reinvent 24 hour;../fake-data/blob/hipster.txt;overriding;2019-12-12T15:20:36;2019-12-12T15:14:08;2019-12-12T14:48:42;79017
2;Checking Account Identity deposit;../fake-data/blob/hipster.txt;IB Investment Account archive;2019-12-13T06:46:56;2019-12-12T23:24:29;2019-12-13T00:50:39;66884
3;payment;../fake-data/blob/hipster.txt;withdrawal COM;2019-12-12T20:58:28;2019-12-12T23:07:03;2019-12-13T05:26:14;97171
4;synthesizing hard drive Robust;../fake-data/blob/hipster.txt;Avon;2019-12-12T19:45:44;2019-12-12T15:15:07;2019-12-12T22:02:48;11089
5;partnerships;../fake-data/blob/hipster.txt;Outdoors;2019-12-12T17:02:02;2019-12-12T20:53:56;2019-12-13T00:45:47;56327
6;European Unit of Account 9(E.U.A.-9) Concrete;../fake-data/blob/hipster.txt;relationships override;2019-12-13T02:48:59;2019-12-12T09:40:46;2019-12-13T06:27:36;59886
7;Chilean Peso Unidades de fomento;../fake-data/blob/hipster.txt;Web virtual deposit;2019-12-12T11:23:34;2019-12-12T21:21:03;2019-12-12T13:01:11;21844
8;e-business;../fake-data/blob/hipster.txt;Ghana back-end National;2019-12-13T00:40:32;2019-12-12T10:32:38;2019-12-13T05:39:59;27213
9;withdrawal;../fake-data/blob/hipster.txt;copying;2019-12-12T11:39:01;2019-12-13T00:59:35;2019-12-13T08:08:27;16465
10;Iraq Bedfordshire;../fake-data/blob/hipster.txt;Concrete 24/7 Directives;2019-12-13T00:33:03;2019-12-13T03:03:26;2019-12-12T19:51:24;55810
