id;name;ship_email;ship_phone;ship_address
1;Versatile seize;asymmetric EXE;web services;Industrial Designer Incredible Fresh Car
2;Principal Senior;Paraguay;Sleek Tuna magenta;Wells
3;Naira iterate;Unbranded Plastic Chips Brand Regional;Generic B2B;olive
4;facilitate Persevering;Fantastic;zero defect Ridges Beauty;groupware
5;Credit Card Account clear-thinking Frozen;parsing;models New Mexico District;Accountability
6;Aruba Chair portals;online Strategist Shirt;navigate redefine;generating bypassing Bypass
7;Plastic Movies;SMS;Zimbabwe parse Customer;input Accounts
8;enhance Multi-channelled purple;Response;white SMTP;Checking Account global Steel
9;Borders Springs connecting;SAS;Planner Refined;engage Granite Grocery
10;bluetooth payment digital;Rubber Industrial seamless;withdrawal Jamaica;International
